Name,Copilot_Account_ExternalID__c
Gallo Ernst & Julio Winery,Copilot_AccAuto001
Facts on File Newsletter,Copilot_AccAuto002
PacDevco Inc,Copilot_AccAuto003
UniAmerica Inc,Copilot_AccAuto004
East Coast Traders,Copilot_AccAuto005
UBAF Arab American Bank,Copilot_AccAuto006
Veritas Software,Copilot_AccAuto007
Quinn/Brein Inc,Copilot_AccAuto008
Nardon Mfg Company Incorporated,Copilot_AccAuto009
Abberley Kooiman,Copilot_AccAuto010
IBM Corp Data Systems Div,Copilot_AccAuto011
Via Systems,Copilot_AccAuto012
IBIS Systems Inc.,Copilot_AccAuto013
Galbreath Co,Copilot_AccAuto014
Back Stage Magazine,Copilot_AccAuto015
Cadbury Beverages Div Cadbury,Copilot_AccAuto016
Lafferty RF & Co Inc,Copilot_AccAuto017
O-Cel-O Div General Mills Inc.,Copilot_AccAuto018
Fedder RP Corp,Copilot_AccAuto019
Ferrara Foods & Confections,Copilot_AccAuto020
