Account.p_c_ExternalID__c,lastname,p_c_ExternalID__c
Copilot_Auto000,Copilot_Contact1,Con.Copilot_Auto000
Copilot_Auto001,Copilot_Contact2,Con.Copilot_Auto001
Copilot_Auto002,Copilot_Contact3,Con.Copilot_Auto002
Copilot_Auto003,Copilot_Contact4,Con.Copilot_Auto003
Copilot_Auto004,Copilot_Contact5,Con.Copilot_Auto004
Copilot_Auto005,Copilot_Contact6,Con.Copilot_Auto005
Copilot_Auto006,Copilot_Contact7,Con.Copilot_Auto006
Copilot_Auto007,Copilot_Contact8,Con.Copilot_Auto007
Copilot_Auto008,Copilot_Contact9,Con.Copilot_Auto008
Copilot_Auto009,Copilot_Contact10,Con.Copilot_Auto009
Copilot_Auto000,Copilot_Contact11,Con.Copilot_Auto010
Copilot_Auto001,Copilot_Contact12,Con.Copilot_Auto011
Copilot_Auto002,Copilot_Contact13,Con.Copilot_Auto012
Copilot_Auto003,Copilot_Contact14,Con.Copilot_Auto013
Copilot_Auto004,Copilot_Contact15,Con.Copilot_Auto014
Copilot_Auto005,Copilot_Contact16,Con.Copilot_Auto015
Copilot_Auto006,Copilot_Contact17,Con.Copilot_Auto016
Copilot_Auto007,Copilot_Contact18,Con.Copilot_Auto017
Copilot_Auto008,Copilot_Contact19,Con.Copilot_Auto018
Copilot_Auto009,Copilot_Contact20,Con.Copilot_Auto019
Copilot_Auto000,Copilot_Contact21,Con.Copilot_Auto020
Copilot_Auto001,Copilot_Contact22,Con.Copilot_Auto021
Copilot_Auto002,Copilot_Contact23,Con.Copilot_Auto022
Copilot_Auto003,Copilot_Contact24,Con.Copilot_Auto023
Copilot_Auto004,Copilot_Contact25,Con.Copilot_Auto024
Copilot_Auto005,Copilot_Contact26,Con.Copilot_Auto025
Copilot_Auto006,Copilot_Contact27,Con.Copilot_Auto026
Copilot_Auto007,Copilot_Contact28,Con.Copilot_Auto027
Copilot_Auto008,Copilot_Contact29,Con.Copilot_Auto028
Copilot_Auto009,Copilot_Contact30,Con.Copilot_Auto029
Copilot_Auto000,Copilot_Contact31,Con.Copilot_Auto030
Copilot_Auto001,Copilot_Contact32,Con.Copilot_Auto031
Copilot_Auto002,Copilot_Contact33,Con.Copilot_Auto032
Copilot_Auto003,Copilot_Contact34,Con.Copilot_Auto033
Copilot_Auto004,Copilot_Contact35,Con.Copilot_Auto034
Copilot_Auto005,Copilot_Contact36,Con.Copilot_Auto035
Copilot_Auto006,Copilot_Contact37,Con.Copilot_Auto036
Copilot_Auto007,Copilot_Contact38,Con.Copilot_Auto037
Copilot_Auto008,Copilot_Contact39,Con.Copilot_Auto038
Copilot_Auto009,Copilot_Contact40,Con.Copilot_Auto039
Copilot_Auto000,Copilot_Contact41,Con.Copilot_Auto040
Copilot_Auto001,Copilot_Contact42,Con.Copilot_Auto041
Copilot_Auto002,Copilot_Contact43,Con.Copilot_Auto042
Copilot_Auto003,Copilot_Contact44,Con.Copilot_Auto043
Copilot_Auto004,Copilot_Contact45,Con.Copilot_Auto044
Copilot_Auto005,Copilot_Contact46,Con.Copilot_Auto045
Copilot_Auto006,Copilot_Contact47,Con.Copilot_Auto046
Copilot_Auto007,Copilot_Contact48,Con.Copilot_Auto047
Copilot_Auto008,Copilot_Contact49,Con.Copilot_Auto048
Copilot_Auto009,Copilot_Contact50,Con.Copilot_Auto049
Copilot_Auto000,Copilot_Contact51,Con.Copilot_Auto050
Copilot_Auto001,Copilot_Contact52,Con.Copilot_Auto051
Copilot_Auto002,Copilot_Contact53,Con.Copilot_Auto052
Copilot_Auto003,Copilot_Contact54,Con.Copilot_Auto053
Copilot_Auto004,Copilot_Contact55,Con.Copilot_Auto054
Copilot_Auto005,Copilot_Contact56,Con.Copilot_Auto055
Copilot_Auto006,Copilot_Contact57,Con.Copilot_Auto056
Copilot_Auto007,Copilot_Contact58,Con.Copilot_Auto057
Copilot_Auto008,Copilot_Contact59,Con.Copilot_Auto058
Copilot_Auto009,Copilot_Contact60,Con.Copilot_Auto059
